Workbook

Sheet Municipios
A1: clave | B1: municipio | C1: region | D1: Población beneficiada | G1: Área enfoque atendida | H1: Bien o servicio entregado
D2: Mujeres | E2: Hombres | F2: Total | G2: Total | H2: Cantidad
A3: =IFERROR(LOOKUP(B3,Hoja2!$B$3:$B$572,Hoja2!$A$3:$A$572),"") | C3: =IFERROR(LOOKUP(B3,Hoja2!$B$3:$B$572,Hoja2!$C$3:$C$572),"") | F3: =SUM(D3:E3) -> 0
A4: =IFERROR(LOOKUP(B4,Hoja2!$B$3:$B$572,Hoja2!$A$3:$A$572),"") | C4: =IFERROR(LOOKUP(B4,Hoja2!$B$3:$B$572,Hoja2!$C$3:$C$572),"") | F4: =SUM(D4:E4) -> 0
A5: =IFERROR(LOOKUP(B5,Hoja2!$B$3:$B$572,Hoja2!$A$3:$A$572),"") | C5: =IFERROR(LOOKUP(B5,Hoja2!$B$3:$B$572,Hoja2!$C$3:$C$572),"") | F5: =SUM(D5:E5) -> 0
A6: =IFERROR(LOOKUP(B6,Hoja2!$B$3:$B$572,Hoja2!$A$3:$A$572),"") | C6: =IFERROR(LOOKUP(B6,Hoja2!$B$3:$B$572,Hoja2!$C$3:$C$572),"") | F6: =SUM(D6:E6) -> 0
A7: =IFERROR(LOOKUP(B7,Hoja2!$B$3:$B$572,Hoja2!$A$3:$A$572),"") | C7: =IFERROR(LOOKUP(B7,Hoja2!$B$3:$B$572,Hoja2!$C$3:$C$572),"") | F7: =SUM(D7:E7) -> 0
A8: =IFERROR(LOOKUP(B8,Hoja2!$B$3:$B$572,Hoja2!$A$3:$A$572),"") | C8: =IFERROR(LOOKUP(B8,Hoja2!$B$3:$B$572,Hoja2!$C$3:$C$572),"") | F8: =SUM(D8:E8) -> 0
A9: =IFERROR(LOOKUP(B9,Hoja2!$B$3:$B$572,Hoja2!$A$3:$A$572),"") | C9: =IFERROR(LOOKUP(B9,Hoja2!$B$3:$B$572,Hoja2!$C$3:$C$572),"") | F9: =SUM(D9:E9) -> 0
A10: =IFERROR(LOOKUP(B10,Hoja2!$B$3:$B$572,Hoja2!$A$3:$A$572),"") | C10: =IFERROR(LOOKUP(B10,Hoja2!$B$3:$B$572,Hoja2!$C$3:$C$572),"") | F10: =SUM(D10:E10) -> 0
A11: =IFERROR(LOOKUP(B11,Hoja2!$B$3:$B$572,Hoja2!$A$3:$A$572),"") | C11: =IFERROR(LOOKUP(B11,Hoja2!$B$3:$B$572,Hoja2!$C$3:$C$572),"") | F11: =SUM(D11:E11) -> 0
A12: =IFERROR(LOOKUP(B12,Hoja2!$B$3:$B$572,Hoja2!$A$3:$A$572),"") | C12: =IFERROR(LOOKUP(B12,Hoja2!$B$3:$B$572,Hoja2!$C$3:$C$572),"") | F12: =SUM(D12:E12) -> 0
A13: =IFERROR(LOOKUP(B13,Hoja2!$B$3:$B$572,Hoja2!$A$3:$A$572),"") | C13: =IFERROR(LOOKUP(B13,Hoja2!$B$3:$B$572,Hoja2!$C$3:$C$572),"") | F13: =SUM(D13:E13) -> 0
A14: =IFERROR(LOOKUP(B14,Hoja2!$B$3:$B$572,Hoja2!$A$3:$A$572),"") | C14: =IFERROR(LOOKUP(B14,Hoja2!$B$3:$B$572,Hoja2!$C$3:$C$572),"") | F14: =SUM(D14:E14) -> 0
... A574: =IFERROR(LOOKUP(B574,Hoja2!$B$3:$B$572,Hoja2!$A$3:$A$572),"") | C574: =IFERROR(LOOKUP(B574,Hoja2!$B$3:$B$572,Hoja2!$C$3:$C$572),"") | F574: =SUM(D574:E574) -> 0

Sheet Hoja2
A1: clave | B1: municipio | C1: region
A3: 001 | B3: ABEJONES | C3: SIERRA DE JUÁREZ
A4: 002 | B4: ACATLÁN DE PÉREZ FIGUEROA | C4: CUENCA DEL PAPALOAPAN
A5: 003 | B5: ÁNIMAS TRUJANO | C5: VALLES CENTRALES
A6: 004 | B6: ASUNCIÓN CACALOTEPEC | C6: SIERRA DE JUÁREZ
A7: 005 | B7: ASUNCIÓN CUYOTEPEJI | C7: MIXTECA
A8: 006 | B8: ASUNCIÓN IXTALTEPEC | C8: ISTMO
A9: 007 | B9: ASUNCIÓN NOCHIXTLÁN | C9: MIXTECA
A10: 008 | B10: ASUNCIÓN OCOTLÁN | C10: VALLES CENTRALES
A11: 009 | B11: ASUNCIÓN TLACOLULITA | C11: SIERRA SUR
A12: 010 | B12: AYOQUEZCO DE ALDAMA | C12: VALLES CENTRALES
A13: 011 | B13: AYOTZINTEPEC | C13: CUENCA DEL PAPALOAPAN
... A572: 570 | B572: ZIMATLÁN DE ÁLVAREZ | C572: VALLES CENTRALES
